T,RH,AH,Comfortable
21.025000095367,30.625,0.7538140913372204,0
9.25,37.550000190735,0.4390718684504554,1
35.824999809265,28.724999427795,1.6626207487323486,0
15.97500038147,35.824998855591,0.6455971918606205,1
12.199999809265002,69.575000762939,0.9859890462659608,0
23.999999523163,50.324999809265,1.481116704325216,0
14.150000095366998,66.824998855591,1.073016696870637,0
19.074999809265,57.52499961853,1.25693165495402,0
21.874999523163,68.300001144409,1.7698850110575637,0
13.050000190735002,57.900000572205,0.8666330082051409,0
24.700000286102,37.14999961853,1.1397295022864125,1
27.825000286102,49.425000190735,1.820917023126289,0
18.474999904632995,76.200000762939,1.6045486117370178,0
28.25,35.52499961853,1.34141206175878,1
13.225000143050998,37.875,0.5732960987674435,1
18.424999713898004,51.599999427795,1.0831946734563322,0
29.02499961853,37.64999961853,1.4866182629858211,1
4.2750000953674,48.575000762939,0.4069187093996573,0
5.024999976158096,36.050000190735,0.317808640284229,1
34.700000762939,35.899998664856,1.9527870031002432,1
21.599999904633,39.85000038147,1.0156413328102214,1
7.25,39.39999961853,0.4034748881385437,1
4.024999976158096,39.200000762939,0.3228239247959921,1
33.875,35.974999427795,1.869198900633254,1
27.699999809265,39.249999046326,1.435604533209466,1
20.85000038147,39.400000572205,0.9595546612921882,1
19.474999904633,42.25,0.9461280396523571,0
2.7499999403954014,43.199999809265,0.3259392871767569,0
17.875,37.574998855591,0.7623835204794811,1
14.449999809265002,39.150000572205,0.6407371456223985,1
6.549999952316298,67.625001907349,0.6608014210180702,0
13.875,43.875,0.6922753480278754,0
8.300000190734899,58.200000762939,0.6391285915609591,0
15.050000190734998,67.025001525879,1.1394478739503766,0
24.625,36.674999237061,1.1201715962503869,1
23.474999904632995,54.52499961853,1.555310802833064,0
8.924999952316298,45.5,0.5207530308573222,0
28.375,37.550000190735,1.4281534705407537,1
29.074999809265,35.375,1.4008110067411883,1
11.649999856948998,37.25,0.509459736365441,1
16.64999961853,38.22500038147,0.7186145900969231,1
27.599999904633,35.10000038147,1.2763852412365075,1
16.375,35.349999427795,0.6532252461656287,1
14.174999952316,36.825000286102,0.592244433013977,1
15.350000143050998,53.875,0.9334131004353544,0
32.075000286102,38.724999427795,1.819038224249105,1
22.175000667572,38.299999237061,1.0105918398252391,1
3.675000071525595,62.924999237061,0.5059400568084067,0
21.0,29.550000190735,0.7262509900901662,0
20.425000190735,62.974999427795,1.4945542551249609,0
16.775000095367,37.625000953674,0.7128827372812372,1
29.125,37.35000038147,1.4832757743116256,1
14.274999856948998,58.10000038147,0.940364028144966,0
16.400000095367,67.27499961853,1.2451090462291277,0
13.524999856949002,37.925000190735,0.5851754876606478,1
26.450000286102,35.72500038147,1.2148983007813232,1
22.025000095367,35.675000190735,0.9328604082389108,1
6.074999928474398,39.949999809265,0.3781019208241571,1
13.799999952316,58.25,0.9147045311684796,0
17.749999523162998,78.75,1.585468653165788,0
10.050000190734998,66.924999237061,0.8247612751599469,0
30.75,27.150000095367,1.1831604600185124,0
4.975000023841904,37.449999809265,0.3290320969508685,1
27.675000190735,39.349999427795,1.437175938722985,1
15.849999904633002,36.549999237061,0.6535080722116539,1
10.775000095366998,37.10000038147,0.4793779662474997,1
22.599999904632995,39.450000762939,1.0678772217040424,1
11.625,74.875,1.0223919180110193,0
11.5,60.900000572205,0.8248612654931872,0
21.625,61.800000190735,1.577454120985489,0
19.25,35.375000953674,0.781308262789888,1
19.250000476837,35.425000190735,0.7824125914576912,1
30.125,35.14999961853,1.4782026320726414,1
17.949999809265,50.800000190735,1.035517141228996,0
29.349999904633,39.974999427795,1.608168344034132,1
16.025000095367005,38.050000190735,0.6878504357611351,1
5.8750001192093,45.099999427795,0.4211277343797853,0
29.775000095367,39.60000038147,1.6323581719992146,1
9.7750000953674,59.60000038147,0.7213704052298594,0
28.824999332428,52.0,2.0297346650079167,0
23.049999713898,33.025000572205,0.9184013114828417,0
33.549999237061,36.049999237061,1.8394538838683976,1
23.099999904632995,22.75,0.6345569073228134,0
25.875,37.375,1.228885413043138,1
21.824999809265,39.150000572205,1.0114531973439225,1
5.125,46.47500038147,0.4125021451071568,0
22.849999904633,35.274998664856,0.969291146360968,1
13.499999761580998,35.02499961853,0.539566304984147,1
28.199999809265,51.050000190735,1.922066525269453,0
5.674999952316295,79.675001144409,0.734000197984448,0
9.625,61.10000038147,0.7322799198136483,0
26.324999809265,43.074999809265,1.4541716581621362,0
23.025000095367005,51.050001144409,1.417540607109889,0
20.125000476837,62.699999809265,1.461047764257525,0
10.075000047684,47.550001144409,0.5869502345117251,0
14.75,37.52499961853,0.6259392458993612,1
28.27499961853,36.699999809265,1.38778359062456,1
16.575000047684,36.700000762939,0.6867163549507475,1
24.325000286102,59.449999809265,1.7837848545903294,0
13.624999761580998,62.050000190735,0.9635549956184192,0
24.049999713898,36.27499961853,1.070789561208534,1
21.425000667572,45.574999809265,1.149322909292338,0
5.6250001192093,37.550000190735,0.3447600467468019,1
21.25,48.849999427795,1.2189272804850035,0
11.424999952316,31.974999904633,0.4309853468503796,0
16.450000286101996,58.824999809265,1.092133013160285,0
10.975000143050998,58.925000190735,0.7713618792648487,0
11.574999809264998,58.75,0.7996170117562752,0
26.550000190735,47.549999237061,1.626515132256836,0
14.549999952316,35.449999809265,0.5838761514450106,1
3.975000023841904,39.025000572205,0.320285966875832,1
7.3999999761580995,36.52499961853,0.3777977957140905,1
13.125,70.25,1.0565516196856233,0
4.8499999046326,45.050000190735,0.3924586956171471,0
25.449999809265,39.824999809265,1.2771170478419374,1
11.600000063577998,38.66666730245,0.5271256762053607,1
32.300001144409,35.874999046326,1.7066564729609446,1
14.399999856948998,35.325000762939,0.5763037005444844,1
12.875000238418998,56.025000572205,0.8292068467240131,0
5.649999856948899,74.02499961853,0.6807991697076249,0
26.525000095367,36.550000190735,1.248418384321564,1
24.75,37.824999809265,1.1638768993728192,1
29.64999961853,37.724999427795,1.5439798716036115,1
8.8499999046326,83.674999237061,0.9529403369627109,0
28.400000095367,38.375,1.4616398560543649,1
17.424999713898004,51.849999427795,1.0230268132897535,0
39.724999427795,15.325000047684,1.0963183362658584,0
7.5,24.27499961853,0.2527697623157102,0
13.124999761581002,69.575000762939,1.0463996956961672,0
29.824999809265,38.77499961853,1.60292975119868,1
3.6500000357627975,37.674999237061,0.3024022107958599,1
5.0999999046326,36.449999809265,0.3229742813824414,1
20.200000286102,47.175000190735,1.104325158180286,0
1.9249999821186,35.0,0.2494178733517242,1
13.25,35.574999809265,0.5393447194244034,1
30.750000476837,28.699999809265,1.2507073951465164,0
28.52499961853,29.449999809265,1.1298244341534756,0
24.325000286102,29.75,0.8926425499465178,0
26.124999523163,45.300000190735,1.5114696084920154,0
7.325000047683702,50.775000572205,0.5225709535957681,0
14.575000047684,51.575000762939,0.8508099050751796,0
30.650000095367,38.724999427795,1.6780120924051392,1
13.450000286102,63.799999237061,0.97971398358451,0
25.300000190735,39.400000572205,1.2523695602888694,1
23.85000038147,39.89999961853,1.1638638378820514,1
22.125,36.800000190735,0.9680931756950952,1
14.875000238418998,65.72500038147,1.1050452688841588,0
28.150000095367,36.550000190735,1.3721582071746743,1
4.549999833107002,51.97500038147,0.4436399299041176,0
8.924999713897698,79.22500038147,0.9067397454746814,0
14.400000095366998,54.47500038147,0.8887231168957807,0
19.099999427795,38.299999237061,0.8381493457366518,1
7.75,39.724999427795,0.4205934257632729,1
5.450000047683702,60.150000572205,0.5457623413083683,0
4.400000095367396,43.650000572205,0.3687921638034468,0
27.974999904633,36.125,1.342535638565869,1
18.85000038147,45.02499961853,0.9702755383029292,0
8.875,46.074999809265,0.5255962650262128,0
7.050000071525602,39.60000038147,0.4001379045278819,1
21.400000572205,35.97500038147,0.905855821412959,1
27.824999332428,39.85000038147,1.4681545730817938,1
8.625,57.824999809265,0.6488249169079522,0
1.374999970197699,36.499999046326,0.2503459599016804,1
33.875,32.349999904633,1.680850179819785,0
18.099999904632995,44.650000572205,0.9186499324234736,0
10.825000047684,36.349999427795,0.4712191315447266,1
21.224999904632995,39.299999237061,0.9791469568536468,1
18.400000095367,60.22500038147,1.262301005915469,0
8.874999761581396,54.35000038147,0.6199925528647746,0
11.799999952316,67.149997711182,0.9273531023206631,0
37.5,24.650000095367,1.5636781723110953,0
8.6500000953674,33.724999427795,0.3790372666256606,0
10.724999904632998,39.175000190735,0.5045431390276315,1
28.0,34.89999961853,1.2988892119124795,0
9.100000143051094,37.22500038147,0.4309911115999259,1
25.550000190735,35.800000190735,1.154821653539033,1
21.025000095367,54.250000953674,1.335327842414273,0
14.525000333786,33.375000476837,0.5488287820568023,0
12.5,48.075000762939,0.694596122292269,0
19.425000190735,54.574999809265,1.218386356145657,0
13.824999809264998,85.275001525879,1.341216944985555,0
13.75,63.625,0.9959270704196436,0
22.02499961853,31.875000953674,0.8334947551146107,0
8.050000190734895,73.775001525879,0.7968380403188908,0
20.349999904632995,66.275001525879,1.5656984231668605,0
6.9000000953674,35.599999427795,0.3561268406759942,1
18.150000572205,36.275000572205,0.7486521908572261,1
1.100000023841904,35.400000572205,0.2381881265815208,1
18.000000476837,38.449998855591,0.7862042532916028,1
24.300000190735,43.300000190735,1.2972812879496955,0
24.150000095367,26.500000476837,0.7869075614631132,0
21.174999713898004,46.300000190735,1.1500592064330115,0
16.200000286101996,76.875,1.405058710711074,0
30.200000286102,37.574999809265,1.5869630940085628,1
23.27499961853,35.824999809265,1.0097647131220753,1
25.050000190735,40.050000190735,1.2543896270308836,0
31.374999523163,35.375,1.5972463430067834,1
4.125,50.050000190735,0.4150031639964042,0
1.625,37.900000572205,0.2645123872176826,1
22.25,38.949999809265,1.0323931961051376,1
18.699999809265,39.72500038147,0.8481857636504164,1
3.4250000119209005,38.89999961853,0.3074525006484194,1
19.825000286102,35.39999961853,0.8099108142566411,1
24.574999809265,38.02499961853,1.1579703298341415,1
4.625,33.774999141693,0.289767071498384,0
31.675000190735,36.674999713898,1.6842863867627105,1
25.099999904633,35.724998474121,1.1222361943538233,1
21.300000190735,38.700000762939,0.9685893003078028,1
16.799999237061,48.35000038147,0.9175215907100968,0
14.550000190734998,23.699999809265,0.390348800046675,0
12.199999809265002,35.550000190735,0.5038003650513629,1
21.10000038147,36.474999427795,0.9019022913581232,1
23.574999809265,35.499999046326,1.0186875323025368,1
22.224999904633,28.39999961853,0.7516273241188697,0
33.224999427795,39.200000762939,1.9641830498620856,1
21.375,38.675000190735,0.9723695653376584,1
15.350000143050998,63.89999961853,1.1071015640232027,0
16.425000190735,38.199999809265,0.7081040235400908,1
12.875,64.224998474121,0.9505721928890538,0
7.925000071525602,37.099999427795,0.3973998605566562,1
18.199999809265,46.249999046326,0.9574762126341348,0
29.374999523163,38.675000190735,1.5581037409481038,1
21.050000190735,61.074999809265,1.5056028261867451,0
40.64999961853,18.199999809265,1.36802215050202,0
24.650000095367,38.724999427795,1.1845375034052248,1
12.224999904632998,37.175000190735,0.5276792806142719,1
12.174999952315996,23.974999904633,0.3392166621777608,0
4.524999856948899,38.125000953674,0.3248677046701916,1
30.500000476837,33.89999961853,1.4564483720307886,0
10.900000095366998,35.925000190735,0.4679892552729148,1
10.649999856948998,36.075000762939,0.4623516721654387,1
35.0,35.474998474121,1.9619810541483311,1
27.0,37.25,1.3081047517868472,1
12.049999952316,19.349999904633,0.2715789634714506,0
7.799999952316298,63.39999961853,0.6734925983987262,0
28.60000038147,36.75,1.41599590107794,1
24.550000190735,31.724999427795,0.9646873238601724,0
24.699999809265,41.849999427795,1.2839213502561906,0
22.375000476837,36.025000572205,0.9620712850404473,1
28.875,35.724999427795,1.3984869954715666,1
11.525000095367002,39.599999427795,0.5372326944820252,1
17.650000095367,55.574999809265,1.111963587971769,0
22.824999809265,32.950000762939,0.9040487883033144,0
14.025000333785997,52.02499961853,0.8287513448676482,0
16.700000286102,54.14999961853,1.0211853432919862,0
5.775000095367396,35.425001144409,0.3285614673403265,1
17.499999523163,76.550001144409,1.5174303895223855,0
28.575000286102,35.675000190735,1.372595010740854,1
15.300000190735002,73.27499961853,1.265529075440412,0
28.549999713898,39.425000190735,1.514690142985741,1
22.35000038147,39.0,1.0399560068514822,1
21.52499961853,35.02499961853,0.8886297250276592,1
24.75,39.75,1.2231092394807483,1
34.599998474121,30.124999523163,1.6295973562509152,0
8.1499999761581,54.10000038147,0.5882221859986335,0
14.224999904632998,38.200000762939,0.616314892823216,1
17.724999904633,39.749999046326,0.7990434577187543,1
30.075000286102,19.275000095367,0.8082823097627455,0
39.875,23.75,1.7127445485286923,0
20.575000286102,53.199999809265,1.2741553411317876,0
24.674999713898,36.425000190735,1.1158345138876609,1
28.474999904633,39.025000572205,1.4928474394465965,1
3.975000023841904,36.425000190735,0.2989472449322951,1
27.299999713898,35.275000572205,1.2605789319648062,1
34.050000190735,23.025000095367,1.2080522736946675,0
14.825000286102,42.849999427795,0.7181670250191104,0
4.899999976158096,67.074998855591,0.5863205907085072,0
9.0250000953674,37.300000190735,0.4297290252516457,1
13.625,75.47500038147,1.1720276316761766,0
15.499999761581002,48.624999046326,0.8504607526751704,0
10.325000047683996,55.900000572205,0.7013976789202285,0
25.349999904633,35.325000762939,1.1261556707222098,1
8.800000190734895,39.974999427795,0.4537579239249205,1
24.375,27.35000038147,0.8230691655452694,0
7.675000190734895,38.97500038147,0.4105974607631272,1
27.625000476837,38.199999809265,1.3911319178152874,1
12.525000095366998,67.499998092651,0.9768222346407012,0
5.825000047683705,36.375,0.338512955816754,1
27.400000095367,39.14999961853,1.4072146403111008,1
23.72500038147,54.64999961853,1.5822906247410975,0
2.074999958276696,36.574999809265,0.2633678870057477,1
20.425000190735,47.099999427795,1.1178007971545127,0
20.274999618530003,35.47500038147,0.8342469276097582,1
7.249999880790696,39.375,0.4032188768470273,1
17.800000190735,45.674999237061,0.9224290614251468,0
24.0,36.375,1.0705538370960923,1
25.175000190735,42.949999809265,1.3551819619742125,0
34.97500038147,29.0,1.6016586652244509,0
26.125000476837,21.050000190735,0.7023496068891353,0
33.549999237061,38.000000953674,1.93895286603443,1
37.52499961853,21.52499961853,1.367301622897841,0
37.124999046326,27.150000095367,1.687437794764347,0
11.150000095366998,59.575000762939,0.7887942318667593,0
36.099999427795,20.025000572205,1.1767092580173246,0
13.60000038147,19.950000762939,0.3093031110968156,0
27.425000190735,37.0,1.3318687708125645,1
26.349999904633,38.25,1.2931756002307244,1
24.300000190735,39.525000572205,1.1841811414008725,1
11.274999856949002,78.325000762939,1.0455039957069656,0
17.424999952316,35.424999237061,0.6989532308124434,1
9.274999856948902,33.074999809265,0.3873828739434095,0
4.0,44.875,0.3689281922221115,0
10.399999856949002,36.175000190735,0.4561305223951775,1
16.424999713898004,79.199998855591,1.4681109020756793,0
12.725000143050998,44.425001144409,0.6512152656754003,0
37.22500038147,25.625,1.6013635421628067,0
13.833333015442,60.533332824707,0.9525826145205184,0
7.149999856948895,84.125,0.855743297030752,0
5.775000095367396,83.75,0.7767684403898815,0
22.125,35.174999237061,0.9253444711952,1
16.025000333786,38.650001525879,0.698696994915438,1
23.949999809265,46.47500038147,1.363745289576503,0
22.300000190735,55.77499961853,1.4828042238104682,0
31.275000095367,27.250000476837,1.223438011151162,0
28.299999713898,39.75,1.505290385260899,1
12.349999904632998,38.35000038147,0.5487613823655407,1
25.64999961853,36.999999046326,1.200573728023346,1
4.2750000953674,36.574999809265,0.3063932369515075,1
23.924999713898,34.400000095367,1.0079205913246068,0
19.250000476837,38.75,0.8558500425051511,1
16.700000047684,51.900000572205,0.9787538224321508,0
19.0,52.824999809265,1.1489232418962552,0
4.524999856948899,56.324999809265,0.4799520772686447,0
21.875,35.22500038147,0.9127994280909932,1
25.85000038147,25.900000095367,0.8503393425785896,0
20.175000190735,66.924999237061,1.5642667435761417,0
13.650000095366998,79.25,1.2326144228401623,0
24.400000254313,39.099999745687,1.1784191410344809,1
20.575000286102,50.599999427795,1.2118845820176545,0
27.724999904633,53.025000572205,1.942252651161064,0
11.424999952316,68.0,0.9165599272317556,0
29.89999961853,37.925000190735,1.574530746660322,1
27.674999713898,25.075000286102,0.9158116035972944,0
27.150000572205,38.02499961853,1.347040839400222,1
7.975000143051101,36.025000572205,0.3871693766930282,1
29.575000286102,36.650000572205,1.4935523316538102,1
26.22500038147,45.950000762939,1.542169803172231,0
25.449999809265,35.200000762939,1.1288015385737742,1
21.474999904632995,63.224999427795,1.5992563857137552,0
26.949999809265,48.60000038147,1.7017140160068176,0
22.924999713898004,57.550000190735,1.5884893165954566,0
28.52499961853,37.25,1.42906487079082,1
4.024999976158096,43.124999046326,0.3551474790306764,0
25.25,24.599999904633,0.7796343511218888,0
5.550000071525602,37.699999809265,0.3443869388614495,1
33.924999237061,26.224999904633,1.366405654591326,0
14.575000047684,33.974999427795,0.5604704917205382,0
15.524999856948998,32.200000286102,0.5640723506251978,0
21.449999809265,73.974998474121,1.8683461086737447,0
8.4749999046326,51.89999961853,0.5765912994642198,0
12.75,80.800001144409,1.1863316215851163,0
7.5250000953674,64.425001144409,0.6719611664762872,0
23.950000286102,37.750000953674,1.1077221521237677,1
30.075000286102,37.675000190735,1.5798721672535143,1
14.875,64.075000762939,1.0773035369682689,0
16.324999809265,69.77499961853,1.2853244575893783,0
24.449999809265,31.574999809265,0.9544520545437408,0
18.449999809265,38.775000572205,0.8152282702184507,1
8.874999761581396,38.050000190735,0.4340518231680074,1
4.500000059604599,53.75,0.4572308943946266,0
25.36666615804,36.233333587646,1.156248266877421,1
20.525000095367,61.450000762939,1.4672721540191855,0
16.625000476837002,38.550000190735,0.7235923749615487,1
17.199999332428,71.650001525879,1.3940302956779826,0
24.724999904633,38.825000762939,1.1928808482686148,1
25.049999713898,38.25,1.1980125257013654,1
6.425000071525602,63.89999961853,0.6191825306218389,0
31.349999904633,39.474999427795,1.779847299898509,1
18.124999523163,39.949999809265,0.8232229045736296,1
23.799999713898,26.974999904633,0.7845087065696681,0
9.175000190734895,39.299999237061,0.4572700442333646,1
19.650000095367005,74.35000038147,1.682915573321676,0
5.149999976158096,45.625,0.405644834468355,0
27.10000038147,38.949998855591,1.375796866049793,1
20.974999904633,37.949999809265,0.9312837191664606,1
14.674999952316,37.22500038147,0.6179907481392836,1
5.100000023841904,37.900000572205,0.3358223761929832,1
22.499999523163,37.750000953674,1.0157410519401362,1
15.649999856949002,60.0,1.0593750158461106,0
23.099999904632995,27.299999713898,0.7614682808072442,0
25.474999904633,33.525000572205,1.076671251067215,0
19.22500038147,42.050000190735,0.9273102036748816,0
18.549999713898,36.699999809265,0.7763806752548089,1
16.650000095367,67.124999046326,1.2619229465477226,0
24.650000095367,36.949999809265,1.1302430257358556,1
16.800000190735,55.22500038147,1.047986200944018,0
21.175000190735,65.699999809265,1.6319415014281404,0
17.025000095367005,44.64999961853,0.8592911344047757,0
11.674999952316,38.675000190735,0.5298059291862145,1
21.625000476837,60.924999237061,1.5551196373865257,0
28.674999713898,35.75,1.3834348607010851,1
16.799999237061,48.35000038147,0.9175215907100968,0
16.849999427794998,51.574999809265,0.9817823289645158,0
16.375000476837,70.824998855591,1.308760380284565,0
5.799999952316295,77.75,0.7223372053909521,0
18.724999427795,50.375,1.0772374696773237,0
13.60000038147,19.950000762939,0.3093031110968156,0
19.750000476837,50.25,1.144397049483751,0
5.149999976158096,74.475002288818,0.6621457528871877,0
26.925000190735,39.749999046326,1.3898064027452874,1
20.974999904633,35.599999427795,0.8736152842179132,1
13.974999904633002,43.824999809265,0.6959068032265376,0
15.100000143051002,37.374999046326,0.6373991876262609,1
26.400000572205,61.72500038147,2.092946842090887,0
25.224999904633,38.075000762939,1.2049122318384506,1
6.999999880790696,73.724998474121,0.7424659243029097,0
25.550000190735,36.049999237061,1.1628860197547657,1
21.199999809265,35.949999809265,0.8943267471978392,1
22.099999904633,39.349999427795,1.033618005765519,1
25.175000190735,46.400000572205,1.4640382791685376,0
20.10000038147,35.02499961853,0.8149145206610867,1
3.3249999880790995,29.150000095367,0.2288148752370166,0
28.125,41.97500038147,1.5735459113863055,0
27.924999713898,37.025000572205,1.3720037162911678,1
8.924999952316298,57.449999809265,0.6575222312841172,0
20.775000095367005,64.724998474121,1.5691560432384553,0
17.874999523163,30.724999904633,0.6233994308689341,0
7.174999952316298,74.39999961853,0.7580834646741037,0
26.574999809265,47.174999237061,1.6160477890039626,0
26.699999809265,35.449999809265,1.2232930651518072,1
13.25,60.47500038147,0.9168481317725834,0
19.275000095367,71.449998855591,1.580501827521107,0
7.300000071525602,36.775000572205,0.3778532270543278,1
6.7499999999999964,36.099999427795,0.3575176152042015,1
38.250000953674,17.874999523163,1.1810202656251243,0
25.675000190735,36.89999961853,1.199090724417699,1
23.299999713898,47.050000190735,1.328135691251308,0
13.724999904633002,84.474998474121,1.320186144466153,0
31.64999961853,35.474999427795,1.6268764071764108,1
15.200000047684,53.550000190735,0.9190385617073502,0
10.525000095367002,37.924999237061,0.4821148263455504,1
18.824999809265,37.324999809265,0.8031051360836233,1
17.900000095367,35.349999427795,0.718351616260095,1
38.775000572205,23.674999713898,1.6092638613578705,0
7.125,39.575000762939,0.4018959005692776,1
8.225000262260405,36.175000190735,0.395288170469737,1
34.924999237061,29.25,1.611003907162821,0
26.675000190735,35.75,1.231845235958055,1
25.77499961853,60.449999809265,1.9759460409544047,0
6.9750000238419005,39.85000038147,0.4006485006005094,1
12.525000095366998,38.47500038147,0.5567886949988106,1
24.875000476837,30.775000095367,0.9539753720704032,0
10.575000047684,57.72500038147,0.7362167565984372,0
36.125,22.099999904633,1.3004241291034946,0
29.199999809265,37.900000572205,1.5116178697930371,1
12.25,29.724999904633,0.4226111913868269,0
6.9750000238419005,38.39999961853,0.3860703167616044,1
28.474999904633,38.375000953674,1.4679826027537717,1
27.5,38.050000190735,1.3756473646542668,1
0.8749999850988353,59.074999809265,0.3912838612904877,0
27.300000190735,38.25,1.366892833536394,1
30.125,38.549999237061,1.6211866559617627,1
25.0,36.60000038147,1.1429532265545546,1
18.025000095367005,37.099999427795,0.7597758896786423,1
24.599999904632995,47.500000953674,1.4486551025766354,0
13.050000190735002,47.97500038147,0.7180780395224229,0
6.700000047683702,39.574999809265,0.3906207514135915,1
31.174999713898,36.324999809265,1.6216586255812735,1
13.724999904633002,70.875,1.1076436185755398,0
11.225000143050998,78.274997711182,1.04145013932389,0
21.474999904632995,39.699999809265,1.004198952667609,1
16.049999713898,53.52499961853,0.969120534568387,0
24.275000095367,38.449999809265,1.1502655953153398,1
23.674999713898,37.22500038147,1.0745750328232098,1
10.525000095367002,37.025000572205,0.4706737529441761,1
17.324999809265,35.224999427795,0.6906964170094273,1
10.199999809265002,58.299999237061,0.725557340090912,0
25.700000286102,37.89999961853,1.2333982490063622,1
23.266666412354,35.799999237061,1.008557620828186,1
28.27499961853,36.77499961853,1.3906196534348838,1
21.025000095367,25.449999809265,0.6264348891674623,0
27.85000038147,38.025000572205,1.4029495458681194,1
32.950000762939,23.474999904633,1.1582816150060284,0
16.899999618530003,79.875,1.5252553059201637,0
22.075000286102,42.974999427795,1.1271380606459356,0
28.300000190735,39.150000572205,1.4825690834760197,1
23.649999618530003,39.22500038147,1.1306229729806627,1
25.125000476837,48.525001525879,1.5265763426010748,0
26.849999904633,51.875,1.8058233841328115,0
18.825000286102,39.724999427795,0.8547448672878408,1
32.800000667572,36.85000038147,1.8029901001838424,1
25.22500038147,38.60000038147,1.221526276685169,1
25.425000190735,24.150000095367,0.7733080989191695,0
16.799999237061,48.35000038147,0.9175215907100968,0
4.474999904632604,50.950000762939,0.4326747702427155,0
25.825000286102,39.5,1.2949464327639728,1
3.1249999999999964,50.97500038147,0.3946671457382692,0
23.10000038147,39.375000953674,1.098271628301971,1
13.874999761580998,55.550000190735,0.8764876383029188,0
6.550000071525599,43.72500038147,0.4272612466154818,0
22.800000190735,48.125,1.31842759389698,0
25.125,49.500000953674,1.5572493747891274,0
16.950000286102,43.02499961853,0.8241528999491446,0
27.324999809265,37.5,1.3420411495061846,1
12.074999809265002,46.450000762939,0.6529828981201876,0
9.050000190734895,36.14999961853,0.4171672405749105,1
16.525000095367,36.199998855591,0.6752446289008668,1
20.425000190735,64.800000190735,1.537866088084731,0
30.199999809265,18.025000095367,0.7612776922871042,0
24.0,34.900000572205,1.0271430797863887,0
20.474999904633,66.85000038147,1.5913575947834195,0
22.89999961853,35.175000190735,0.9694437315359168,1
19.300000190735,35.549999237061,0.7875879756760816,1
12.575000286102,38.47500038147,0.5585827045668241,1
24.174999713898,39.224999427795,1.1665027852428078,1
19.525000095367,55.700000762939,1.2511514248390805,0
32.599999427795,9.2249999046326,0.4463199703343348,0
13.525000095366998,39.97500038147,0.6168066072827306,1
10.500000238418998,27.775000095367,0.3525091289194615,0
24.22500038147,38.074999809265,1.1356707757500075,1
19.800000190735,38.525000572205,0.880059991386787,1
19.025000095367,38.874999046326,0.8468175765082158,1
16.849999904632995,66.825000762939,1.2720815720444816,0
24.275000095367,36.275000572205,1.0851985782896494,1
23.700000286102,38.600001335144,1.1159286909876351,1
5.5666666030884,37.466667175293,0.3426413268951686,1
5.6000000238419005,72.299999237061,0.6626916854946394,0
20.175000190735,38.575000762939,0.9016300562536944,1
32.375,37.275000572205,1.7807569112763098,1
12.200000047684,14.025000095367,0.198756687443934,0
12.25,35.77499961853,0.5086262492567335,1
3.6500000357627975,37.524998664856,0.3011982159564701,1
0.5749999955296516,36.824999809265,0.2388408705509013,1
25.675000190735,58.949999809265,1.915620561150855,0
17.674999713898,35.000000476837,0.7013798976290273,1
27.5,50.425001144409,1.823049135066369,0
18.5,39.449999809265,0.8319845827533373,1
3.875,39.875,0.3250310017074296,1
26.250000476837,18.875,0.6344095731363927,0
34.824999809265,26.000000476837,1.4240999930592864,0
25.400000095367,39.199999809265,1.2533774282875392,1
24.22500038147,61.625,1.8381014289214577,0
21.700000286102,69.700000762939,1.7871830898650354,0
21.375,35.72500038147,0.8982004633820142,1
19.875000476837,37.799999237061,0.8674691211087054,1
4.824999928474398,37.950000762939,0.330044951383858,1
19.47500038147,36.875,0.825762662305833,1
24.5,38.549999237061,1.168752209352062,1
17.400000095367,55.64999961853,1.096296676268126,0
21.625000476837,35.89999961853,0.9163528122784748,1
28.724999904633,20.675000190735,0.8023792688442604,0
9.375,39.925000190735,0.470699609229495,1
32.5,28.674999713898,1.3795678293754918,0
17.775000095367,39.85000038147,0.8035430647074085,1
28.050000190735,35.150000572205,1.3119858492553855,1
25.575000286102,37.550000190735,1.213055881800318,1
13.500000238418998,51.47500038147,0.7929814961831845,0
4.325000047683702,83.574998855591,0.7025102352889407,0
11.100000143050998,33.350000858307,0.4401334753783777,0
3.5666666825611983,55.366667429606,0.4418742251533778,0
25.800000190735,23.925000190735,0.7831929181625135,0
-0.2500000055879425,38.35000038147,0.2347153142447235,1
18.474999904632995,73.424999237061,1.5461152153940452,0
11.024999856948998,32.974999427795,0.4330676366262013,0
39.074999809265,18.650000095367,1.2883708511786562,0
18.674999713898,73.47500038147,1.5663803090715611,0
27.22500038147,36.949998855591,1.3146864553631452,1
9.125,77.14999961853,0.894715969492533,0
38.700000762939,20.299999713898,1.3742792877296577,0
14.775000095366998,39.47500038147,0.6595101233019042,1
20.60000038147,36.674999237061,0.8797143487757445,1
6.100000023841904,40.799999237061,0.3867973765951714,0
11.799999952316,36.199999809265,0.4999282691194956,1
17.574999809265,35.474999427795,0.706496891882461,1
6.949999928474394,86.000001907349,0.8631910998407527,0
24.025000095367,54.449999809265,1.6049039811675372,0
2.7749999761580995,43.77499961853,0.330847699515733,0
23.349999904633,39.47500038147,1.1176408907192426,1
24.375,29.39999961853,0.8847617117200978,0
19.5,39.324999809265,0.881977940715085,1
27.800000190735,35.249999046326,1.2968003948605409,1
8.2500001192093,39.450000762939,0.431789830421247,1
7.174999952316298,25.625000476837,0.2611006618730944,0
13.625000238418998,68.900001525879,1.0699265509391145,0
21.0,22.250000476837,0.5468387401525636,0
10.049999952316,37.675000190735,0.464294076475124,1
28.949999809265,36.349999427795,1.4291085534088834,1
29.525000095367,39.049999237061,1.586802961534435,1
32.174999237061,37.375,1.7655446725390125,1
29.275000095367,20.375,0.8161519247672229,0
26.224999904633,52.324999809265,1.756126900164453,0
25.724999904633,46.099999427795,1.502461537497651,0
4.924999952316295,80.075000762939,0.7011466762571362,0
10.975000143050998,57.299999237061,0.7500896894409064,0
9.375000238418604,36.675000190735,0.4323834300961364,1
33.675000190735,35.074999809265,1.802231803481476,1
26.249999523163,38.47500038147,1.2931871366762446,1
18.050000190735,72.52499961853,1.4875507265625112,0
20.60000038147,76.175001144409,1.8271913542953209,0
20.425000190735,36.675000190735,0.870389489318189,1
23.550000190735,38.099999427795,1.0916665638002094,1
29.424999713898,35.60000038147,1.4383406983197409,1
20.25,46.72500038147,1.0971329390232132,0
11.950000047684,34.324999809265,0.4786529829918141,0
26.599999904633,42.77499961853,1.467462195580995,0
19.224999904632995,37.875000953674,0.8352407529228031,1
10.799999713898,35.149998664856,0.4549217439794237,1
19.799999713898,46.224999427795,1.0559577107610691,0
3.5,80.60000038147,0.6403230177877814,0
29.675000190735,24.999999523163,1.024646792895026,0
8.299999952316298,38.500000953674,0.4227912486789948,1
16.125,36.499999046326,0.6639855319630991,1
3.600000023841904,50.27499961853,0.402156516903092,0
22.14999961853,21.275000095367,0.5605221603396696,0
21.949999809265,39.35000038147,1.0243155109997162,1
7.825000047683702,37.625,0.4003523543989757,1
25.449999809265,35.200000762939,1.1288015385737742,1
32.699998855591,36.89999961853,1.7953330566189554,1
28.050000667572,37.299999237061,1.3922353266092986,1
14.649999856949002,48.625,0.8059694141072296,0
7.950000047683702,75.299999237061,0.8079238699920416,0
16.075000047684,38.72500038147,0.702254005239339,1
5.700000166892998,33.924999237061,0.313059806322812,0
10.049999952316,34.175000190735,0.421161249416438,0
12.0,58.85000038147,0.8233024519061931,0
4.625,38.075000762939,0.3266582309029939,1
12.575000047683996,36.599999427795,0.5313613034771071,1
7.5249999761580995,39.22500038147,0.4091218678106649,1
16.650000095367,47.25,0.8882809694079756,0
15.825000047684,37.02499961853,0.6609611395034868,1
23.5,41.599999427795,1.188400407225153,0
28.049999713898,38.5,1.4370256893287268,1
29.074999809265,38.85000038147,1.5384171914137823,1
15.149999856948998,39.550000190735,0.6766265078085045,1
21.22500038147,37.550000190735,0.9355463153383852,1
8.0249999761581,38.324999809265,0.4132585421681223,1
9.325000047683702,64.199999809265,0.7544058057054175,0
19.150000095367005,39.599999427795,0.8692660766529969,1
7.925000190734895,38.625000953674,0.4137350499020415,1
24.224999904633,37.27499961853,1.1118089756074467,1
24.525000095367,39.400000572205,1.196293635441427,1
22.77499961853,64.000000953674,1.7507111150781498,0
6.850000143051101,39.125,0.3900809724371578,1
19.900000095367,61.749999046326,1.419263886440021,0
21.349999427795,35.550000190735,0.8924487563704319,1
26.400000095367,44.0,1.491934514589368,0
11.899999856948998,55.47500038147,0.7710886820682655,0
14.474999904632998,54.400000572205,0.8917360162277309,0
4.574999928474398,38.950000762939,0.333029662856864,1
36.175000190735,24.124999523163,1.4234819909001946,0
33.349999904633,23.949999809265,1.2084735402966391,0
17.274999618529996,57.800000190735,1.1298279584829405,0
29.875,35.224999427795,1.460345792404559,1
28.449999809265,35.775000572205,1.366549660046014,1
28.974999904633,39.575000762939,1.5581397555447103,1
22.449999809265,38.02499961853,1.0200711679803232,1
4.5999999046326,82.5,0.7065917777275186,0
23.549999713898,63.599999427795,1.8223094987099988,0
25.325000286102,46.72500038147,1.4873926633058556,0
29.02499961853,36.600001335144,1.4451588568768992,1
7.800000071525602,38.449999809265,0.4084509564853524,1
7.2500001192093,36.824999809265,0.3771056583986155,1
40.39999961853,14.475000143051,1.0736084588980142,0
7.0,77.27499961853,0.778217099523889,0
8.300000190734899,58.200000762939,0.6391285915609591,0
29.300000190735,31.02499961853,1.244538971479185,0
16.799999237061,48.35000038147,0.9175215907100968,0
28.224999904633,36.550000190735,1.378122526877579,1
12.275000095366998,72.549999237061,1.033133610598957,0
14.900000095367002,17.075000286102,0.2875394420311837,0
37.25,20.549999713898,1.2859665112731746,0
21.325000286102,37.75,0.9462441592838184,1
16.274999856948998,38.14999961853,0.7005616852802711,1
25.349999904633,36.900000572205,1.17636642594609,1
4.699999809265101,38.333333333333,0.3305571994608251,1
15.475000143050998,36.14999961853,0.6312750080205722,1
26.999999523163,39.925000190735,1.4020424433021217,1
19.224999904632995,73.425001144409,1.6192092856769915,0
13.60000038147,19.950000762939,0.3093031110968156,0
5.25,38.800000190735,0.3473109960928791,1
20.025000095367,63.925001144409,1.4805228374817387,0
29.099999904633,33.575000762939,1.3314451434349868,0
23.424999713898004,39.650000572205,1.1276348445850977,1
15.849999904633002,65.949999809265,1.179175325235309,0
23.624999523163,35.724999427795,1.0282051735541666,1
14.900000333786,58.449999809265,0.9842858157472087,0
13.475000143050998,37.35000038147,0.5744646799552097,1
36.125,22.099999904633,1.3004241291034946,0
11.699999809264998,36.875,0.5059659474793234,1
21.825000286102,72.72500038147,1.8788744624385345,0
16.349999666213996,59.849999427795,1.1042246613957096,0
13.400000095366998,37.125,0.5682723727041843,1
22.474999904632995,36.775000572205,0.9880215012217566,1
32.60000038147,19.325000286102,0.934973886787952,0
32.974999427795,38.074999809265,1.8812949035387856,1
7.174999952316298,39.300000190735,0.4004392534817323,1
16.275000572204995,35.72500038147,0.6560306119627572,1
17.625,35.10000038147,0.7012032509364389,1
29.775000095367,38.599999427795,1.5911369671251303,1
6.2500001192093,78.77499961853,0.7543911554066971,0
0.9500000029802252,37.35000038147,0.2486888274583151,1
17.75,56.5,1.1375108768837232,0
20.949999809265,52.450000762939,1.285158232103672,0
25.249999523163,36.375,1.1528129607519502,1
17.72500038147,70.64999961853,1.4201867423441918,0
15.625,35.0,0.6169967172353186,1
6.0,42.89999961853,0.4039753129945236,0
20.200000286102,31.200000286102,0.7303644962770214,0
21.5,35.72500038147,0.9050202202147912,1
6.550000071525599,37.499999046326,0.366433303621025,1
33.974999427795,30.924999237061,1.615782559246968,0
18.0,35.375,0.7233283606347182,1
4.300000071525599,56.724999427795,0.4760034785823047,0
7.0,39.77499961853,0.4005640244516256,1
14.0,44.25,0.703775253477656,0
24.75,38.375000953674,1.1808004586546212,1
15.824999809265002,36.074998855591,0.6440019510963166,1
31.125000476837,38.849999427795,1.7294715774200276,1
4.524999976158096,39.650000572205,0.3378624120247039,1
23.049999713898,36.150000572205,1.005305294788125,1
19.22500038147,35.625,0.7856224936045648,1
25.349999904633,39.699999809265,1.265629977276036,1
15.825000047684,39.75,0.7096071726119499,1
14.925000190734998,65.650001525879,1.107282834933724,0
23.324999809265,38.625000953674,1.0919431719141488,1
23.674999713898,39.424999237061,1.138082455744138,1
21.099999745687,64.466665903727,1.594040640572334,0
16.799999237061,48.35000038147,0.9175215907100968,0
19.60000038147,35.52499961853,0.8016505828230588,1
14.099999904632998,77.75,1.24447485794838,0
11.924999952316,62.299999237061,0.8673546745688252,0
23.275000095367,37.099999427795,1.045701927315371,1
26.650000572205,61.049999237061,2.10054255681802,0
10.524999856948998,37.75,0.479890172115977,1
8.300000071525602,75.599998474121,0.8302082393730764,0
15.675000190734998,50.875,0.8996766723707865,0
18.099999904632995,21.0,0.4320637924672762,0
19.150000095367005,23.849999904633,0.5235352561829336,0
6.425000071525602,35.824999809265,0.3471395019381988,1
9.7249999046326,18.599999904633,0.2243882534054981,0
12.149999856948998,36.900000572205,0.5212481152795015,1
28.724999904633,37.324999809265,1.448551670146588,1
22.25,32.125,0.8514924669393313,0
23.349999904633,61.975002288818,1.7546750118060992,0
13.974999904633002,33.724999427795,0.5355266775301154,0
6.8500000238419005,73.699996948242,0.7347978593896163,0
15.550000190734998,37.47500038147,0.657513594626475,1
21.599999904633,40.449999809265,1.030933282940652,0
17.800000190735,37.47500038147,0.7568260537755555,1
0.0500000007450545,39.97500038147,0.249886091301165,1
13.549999952316,39.400000572205,0.6089063366107427,1
25.525000095367,38.27499961853,1.23284365054846,1
27.60000038147,38.0,1.3818415949452096,1
15.550000190734998,40.0,0.7018157042651731,1
32.52499961853,39.39999961853,1.898217950305952,1
12.049999952316,37.325000762939,0.5238596934743672,1
24.999999523163,50.050001144409,1.562972898618938,0
5.899999976158096,62.099999427795,0.5808462752277317,0
24.700000286102,39.325000762939,1.206456635455835,1
7.625,46.374999046326,0.4869313750545675,0
21.025000572205,37.775000572205,0.9298066467117364,1
20.750000476837,36.674999237061,0.8877776025766839,1
36.125,22.099999904633,1.3004241291034946,0
24.299999713898,49.599999427795,1.486031155554185,0
27.099999904633,38.800000190735,1.370498555862876,1
35.375,19.875,1.1222117889059453,0
18.575000286102,36.949998855591,0.7828762567069473,1
6.350000023841904,36.500000953674,0.351901924782953,1
17.924999713898,35.75,0.7276067474100121,1
6.6250001192093,44.125,0.4333455506110925,0
4.699999928474394,62.89999961853,0.5424012492677923,0
24.675000190735,46.800000190735,1.4336597574064882,0
24.200000286102,39.500000953674,1.1764266489469208,1
25.275000572205,36.27499961853,1.1513398862227826,1
10.649999856948998,62.27499961853,0.7981413610199928,0
20.175000190735,37.425000190735,0.8747505990897103,1
5.875,54.824999809265,0.5119363207167029,0
20.224999904632995,37.675000190735,0.8832849106035094,1
16.549999713897996,52.77499961853,0.9859621366461084,0
8.7750000953674,35.675000190735,0.4042801550252536,1
11.125,70.175001144409,0.9276338708310156,0
22.049999713898,37.300000190735,0.9768229023455828,1
24.425000190735,35.224999427795,1.0632073004221074,1
25.525000095367,35.699999809265,1.1499025088984167,1
29.0,36.599999427795,1.443082361521457,1
17.800000190735,36.474999427795,0.7366305429593404,1
27.825000286102,20.025000095367,0.7377615259694972,0
31.63333384196,38.93333307902,1.7837936799530902,1
24.324999809265,37.324999809265,1.1199288088642156,1
4.0,79.27499961853,0.651738881285189,0
11.900000095366998,35.574999809265,0.4944836404069158,1
13.275000095366998,24.275000095367,0.3686173984883495,0
35.625,23.424999713898,1.3410098967853858,0
36.85000038147,17.900000333786,1.0959503153803496,0
23.575000286102,36.35000038147,1.0430787108638022,1
29.449999809265,36.375,1.4717616234641668,1
21.800000190735,39.574999809265,1.0208915734982884,1
12.5,63.625,0.9192652642642184,0
17.799999713898004,54.950000762939,1.1097422435984687,0
23.049999713898,62.14999961853,1.728346409367073,0
30.400000572205,35.449999809265,1.5143889100018362,1
11.625,68.925001144409,0.9411467661962472,0
11.649999856948998,63.425000190735,0.8674492315744939,0
12.750000238418998,21.674999713898,0.3182393265857392,0
10.800000190735002,69.5,0.8994897123607641,0
21.025000095367,36.924999237061,0.908884399918782,1
29.050000190735,36.674999237061,1.450203568216207,1
30.77499961853,37.050000190735,1.616885626011347,1
19.425000190735,42.474999427795,0.9482539617221298,0
24.174999713898,35.925000190735,1.0683649048735375,1
28.0,39.77499961853,1.480324311548164,1
22.025000095367,34.050000190735,0.8903685188126028,0
19.574999809265,36.950000762939,0.8325304580845845,1
6.450000166892998,71.550001144409,0.6944754797176015,0
0.8000000044703448,36.25,0.2388457476242672,1
23.733332951864,37.93333307902,1.0988355643202752,1
11.524999856949002,74.174999237061,1.006293804633009,0
39.06666692098,20.666666666667,1.4270446002285777,0
19.150000095367005,35.650000572205,0.7825590044914627,1
17.300000190735,38.800001144409,0.7596125869987758,1
5.5,43.52499961853,0.396255829764186,0
11.900000095366998,38.425000190735,0.5340979361580392,1
27.175000667572,42.97500038147,1.524612985999403,0
24.750000476837,25.324999332428,0.7792513596813168,0
19.825000286102,38.599999427795,0.8831230876767312,1
19.125,36.97500038147,0.8103979785784015,1
25.950000286102,41.175000190735,1.3598037536953902,0
20.925000190735,39.300000190735,0.961489238106341,1
20.25,43.074999809265,1.0114285875512807,0
7.675000071525599,66.35000038147,0.6989901525427645,0
24.775000095367,58.700000762939,1.808875321392436,0
25.47500038147,57.950000762939,1.86109173774175,0
22.325000286102,36.949999809265,0.9838112747415236,1
24.925000190735,38.074999809265,1.183757211430434,1
13.60000038147,19.950000762939,0.3093031110968156,0
23.099999427795,36.72500038147,1.024356131806473,1
27.424999713898,39.77499961853,1.4317588752097192,1
15.525000095366998,73.324998855591,1.284490829751262,0
4.9749999046326,39.60000038147,0.3479217924079515,1
30.324999809265,20.075000286102,0.8539255124155407,0
8.300000190734899,41.27499961853,0.4532651551040643,0
28.549999713898,37.175000190735,1.428246191045854,1
3.3250000476837016,57.97500038147,0.455078644599544,0
11.249999761580998,36.150000572205,0.4817577587922641,1
7.5666667620340995,69.199996948242,0.7237722777706678,0
41.099999427795,13.149999856949,1.0124047218960754,0
23.699999809265,46.700000762939,1.35010019266999,0
11.599999904633002,59.800000190735,0.8152271041761124,0
25.449999809265,35.200000762939,1.1288015385737742,1
5.649999976158096,67.924999237061,0.6246981924179177,0
21.749999523163,61.89999961853,1.5919826513881217,0
2.3750000596045986,86.625001907349,0.6368613571984989,0
24.949999809265,39.39999961853,1.226762782077091,1
6.024999976158096,38.0,0.3584369613364316,1
17.924999713898,66.325000762939,1.3498886175409404,0
11.075000047684,38.449999809265,0.5066162840100946,1
20.47500038147,49.275000572205,1.1729865104492867,0
20.900000572205,48.89999961853,1.1945419065852094,0
23.875,29.400000095367,0.8588610676552674,0
14.549999952316,39.025000572205,0.6427578918712219,1
24.474999904633,35.699999809265,1.080743628122288,1
0.9249999765306712,58.375,0.3880016238058508,0
26.525000095367,50.39999961853,1.7214852466545876,0
31.575000762939,39.35000038147,1.79694756499122,1
21.199999809265,39.400000572205,0.9801522820106382,1
18.64999961853,39.25,0.8354639472874695,1
21.775000095367,52.52499961853,1.3529112583238534,0
26.27499961853,37.300000190735,1.2555313645786716,1
17.5,30.750000476837,0.6095491298096241,0
19.224999427795,35.425000667572,0.7812119503133438,1
32.224999904633,41.425000190735,1.962379545660824,0
27.349999904633,36.849999427795,1.3206979218950308,1
8.899999856948906,44.85000038147,0.512467325306289,0
29.375,33.575000286102,1.3526395532352848,0
36.099999427795,21.275000095367,1.2501617408833468,0
19.650000095367005,36.699999809265,0.8307061318496992,1
20.250000476837,35.47500038147,0.8329757569773402,1
20.425000667572,71.64999961853,1.7004337577419837,0
21.674999713898,35.125,0.8992836434581462,1
23.924999713898,39.324998855591,1.152223139258218,1
4.399999976158096,38.824999809265,0.328026469307328,1
26.400000572205,35.14999961853,1.1918522518662191,1
14.125,57.77499961853,0.926225292365897,0
10.550000190734998,56.075000762939,0.714007352739794,0
10.274999856949002,35.0,0.4377248485453192,1
6.324999928474398,59.849999427795,0.5760536895731814,0
14.099999666214,79.125,1.2664832365400196,0
28.64999961853,37.324999809265,1.4423032215421223,1
22.200000286102,36.174999237061,0.955958875377954,1
27.275000095367,27.099999904633,0.967031590621584,0
19.900000095367,36.324999809265,0.8348949182258794,1
10.700000286101996,37.875000953674,0.4870060406222584,1
44.60000038147,12.625,1.1684064481710046,0
14.175000190735002,36.924999237061,0.593852692435996,1
19.700000286102,44.39999961853,1.0080781517305866,0
10.150000095366998,43.575000762939,0.5405302445331328,0
21.525000095367,39.074998855591,0.9913834937331863,1
7.8749999999999964,36.425000190735,0.3888746747729023,1
27.025000095367,36.674999237061,1.2897904973741627,1
37.625,19.625,1.253409118356083,0
19.66666730245,37.06666692098,0.839862609120482,1
6.925000071525602,52.824999809265,0.5293234997052674,0
6.0999999046326,65.97500038147,0.6254646407043596,0
24.074999809265,20.550000190735,0.6075107769077085,0
38.150000572205,20.85000038147,1.3701396952205174,0
25.349999904633,47.550000190735,1.515886799748315,0
16.675000190735,37.799999237061,0.7117364038435915,1
6.6500000953674,83.249998092651,0.8189591532668828,0
-0.050000000745058,37.47500038147,0.232615318130442,1
10.650000095366998,59.674999237061,0.7648187256861201,0
29.599999904633,35.35000038147,1.4426399613861896,1
19.425000190735,61.14999961853,1.3651731648907997,0
19.950000286102,38.925000190735,0.8973924946087463,1
31.89999961853,37.500000953674,1.7441961668975223,1
26.849999427795,42.699998855591,1.4864318899381208,0
24.5,44.449999809265,1.3476274062499274,0
14.775000095366998,83.825000762939,1.4004670311516645,0
25.599999904633,38.77499961853,1.2544735887562444,1
28.699999809265,34.724999427795,1.3457076525896876,0
6.7750000953674,41.049999237061,0.407221914582392,0
27.849999427795,35.550000190735,1.3116332180367678,1
30.999999523163,29.14999961853,1.2884887015757902,0
6.025000095367396,46.124999046326,0.4350764377003142,0
11.625,40.0,0.546185999605219,1
12.625,39.85000038147,0.5804084877082971,1
21.849999427795,33.900001525879,0.8771400609158182,0
27.75,38.675000190735,1.4186822380859072,1
17.549999713898004,40.574999809265,0.8068108689475354,0
8.300000190734899,58.200000762939,0.6391285915609591,0
28.824999809265,38.950000762939,1.5203494023364656,1
7.850000143051101,38.97500038147,0.4154073572782585,1
18.050000190735,67.549999237061,1.3855091481960335,0
28.375,39.124999046326,1.4880560023725644,1
8.424999952316298,54.700000762939,0.6056894284070286,0
27.200000286102,38.89999961853,1.3820551894715944,1
9.950000047683698,40.60000038147,0.4970741730737205,0
16.349999666213996,49.650000572205,0.9160360166132036,0
29.300000190735,35.925000190735,1.4410979319098305,1
4.1249998807907,76.02499961853,0.6303819182289977,0
19.799999872843,39.466667175293,0.9015712805409674,1
21.75,35.0,0.9001517729613425,1
13.799999952316,81.300001144409,1.2766605910865834,0
13.424999952316,70.400001525879,1.0793370356542171,0
19.175000190735,29.474999904633,0.6480054222992805,0
1.774999976158096,35.400000572205,0.2496542148724178,1
34.875,18.400000572205,1.0106178600345137,0
10.875,39.72500038147,0.5166498048370782,1
7.7750000953674,70.375001907349,0.7463448898351781,0
19.800000667572,37.249999046326,0.8509340508625622,1
6.300000071525602,28.849999427795,0.2772136063100663,0
14.5,45.424999237061,0.7457984667250301,0
20.625000476837,70.749998092651,1.6996468590298868,0
27.449999809265,55.474999427795,1.9998067518476943,0
25.449999809265,35.200000762939,1.1288015385737742,1
25.724999904633,38.5,1.2547672432026826,1
14.099999666214,39.22500038147,0.6278395631773476,1
13.900000095367002,61.099999427795,0.9655949439378096,0
13.824999809264998,36.175000190735,0.5689653752271727,1
27.150000095367,48.474999427795,1.7172334716927882,0
32.0,38.22500038147,1.787975222383776,1
29.97500038147,35.875,1.4958203311150289,1
14.325000047684,38.449999809265,0.6243042942153901,1
9.875,73.950000762939,0.900945419316484,0
33.875,37.074999809265,1.926353022563588,1
7.950000166892998,49.224999427795,0.5281547510770448,0
22.400000095367,46.900000572205,1.254379293755585,0
13.325000047684,27.474999904633,0.4185468213857706,0
21.97500038147,38.949998855591,1.0154326823386304,1
11.025000095366998,40.47500038147,0.5315667424891567,0
16.125000238419,35.025000572205,0.6371532765080584,1
6.549999952316298,39.549999237061,0.3864649901662091,1
11.099999904632998,23.525000095367,0.3104689542225851,0
11.924999952316,88.72500038147,1.235249514838023,0
19.375,70.375001907349,1.566308552843669,0
23.900000095367,36.824999809265,1.0773691688715623,1
19.625000476837,36.25,0.8192647451056849,1
18.324999809265,39.999999046326,0.8345133001126914,1
14.424999952315996,38.5,0.6290996907149704,1
15.975000143050998,38.575000762939,0.6951545733736081,1
16.22500038147,55.35000038147,1.0132297406425828,0
21.574999809265,39.64999961853,1.0090179429956423,1
18.64999961853,35.39999961853,0.7535139723636176,1
6.174999952316295,84.14999961853,0.801808166810247,0
26.474999904633,38.625000953674,1.3154408167672262,1
10.950000047684,67.075000762939,0.8766230701655883,0
15.725000143050998,76.425001144409,1.3557644441926615,0
21.674999713898,42.60000038147,1.0906614535051034,0
26.150000095367,35.700000762939,1.192905314867312,1
26.150000095367,39.650001525879,1.324893460613591,1
18.449999809265,36.900000572205,0.7758071745613868,1
21.199999809265,67.35000038147,1.6754633403199664,0
20.650000095367,38.025000572205,0.9148756506372304,1
30.099999904633,35.800001144409,1.5033903267288535,1
14.774999856949002,54.324999809265,0.9076095360418625,0
30.450000286102,38.224999427795,1.637593017150135,1
24.22500038147,33.849999904633,1.0096508428997506,0
11.0,73.800000190735,0.9676564181965815,0
10.425000190734998,37.35000038147,0.4717156924220747,1
33.400000095367,39.875,2.017650472242843,1
7.675000071525599,56.89999961853,0.5994354059438268,0
26.949999809265,35.22500038147,1.233392518364007,1
10.700000047684,36.074999809265,0.4638611777470552,1
13.849999666214,85.500001907349,1.346901059805514,0
33.550000190735,35.724999427795,1.8228708415515105,1
24.275000095367,38.525000572205,1.152509309168662,1
22.799999713898,37.64999961853,1.0314555218316397,1
11.775000095366998,37.599999427795,0.5184235105053019,1
14.650000095366998,37.52499961853,0.6219846254825833,1
24.75,39.124999046326,1.2038779327858316,1
32.77499961853,22.175000190735,1.0834536017908296,0
-0.1500000022351741,40.200000762939,0.2477784558739661,0
37.075000762939,27.174999713898,1.6843909737021698,0
1.274999976158096,64.75,0.4410217650915629,0
26.599999427795,37.875000953674,1.299360163736662,1
25.875,36.900000095367,1.2132674744745662,1
11.224999904632998,37.10000038147,0.4936161111182843,1
23.675000190735,36.75,1.060863214880349,1
13.174999952316,35.625,0.5375148672074531,1
5.049999952316295,75.049999237061,0.6627472188761097,0
19.275000095367,74.099998474121,1.6391208521131433,0
12.125,75.60000038147,1.066201695322342,0
10.700000047684,35.950000762939,0.4622539094129568,1
15.749999999999996,57.925000190735,1.0291958434337232,0
22.97500038147,37.525000572205,1.0388678356609715,1
24.849999904633,43.249999046326,1.3386998306689557,0
3.950000047683705,36.39999961853,0.2982317302432061,1
14.550000190734998,81.64999961853,1.3448092671479686,0
3.9749999642372025,36.75,0.3016145819891241,1
31.875,30.575000286102,1.4200962876851868,0
31.925000190735,38.424999237061,1.78974256123203,1
20.950000286102,37.300000190735,0.9139447663122046,1
24.47500038147,35.700000762939,1.0807436875434122,1
24.525000095367,37.724999427795,1.1454359405349863,1
20.5,35.925000190735,0.8564941686005679,1
21.27499961853,61.875000953674,1.5462731894518158,0
18.324999809265,52.349999427795,1.0921692956240043,0
8.0000001192093,80.950000762939,0.8714355311820262,0
17.775000095367,38.499999046326,0.776321378388301,1
11.775000095366998,35.375,0.4877455309365821,1
3.3000000715255986,45.175000190735,0.353995578568142,0
37.25,24.324999809265,1.5221963784401256,0
17.099999904633,81.800001144409,1.5816234163937009,0
13.200000047684,51.35000038147,0.7760174520902592,0
14.724999904633002,63.124999046326,1.0512957611585645,0
15.600000143050998,58.325000762939,1.02656340090412,0
21.399999618530003,36.424999237061,0.9171868060970229,1
21.675000667572,38.974999427795,0.9978528543378368,1
20.999999523163,37.249999046326,0.9154940010394848,1
26.724999904633,36.449999809265,1.2596383885216564,1
21.949999809265,37.200000762939,0.9683491085459608,1
30.374999523163,37.22500038147,1.5879508585941975,1
25.650000572205,35.75,1.1600138997465437,1
23.450000286102,39.974999427795,1.1385757679808413,1
39.449999809265,13.674999952316,0.9639431201405396,0
35.674999237061,13.649999856949,0.7835754015298938,0
23.574999809265,57.324999809265,1.6449651877099742,0
38.250000953674,9.9749999046326,0.6590588727968358,0
6.325000047683705,39.424999237061,0.3794639376958127,1
15.525000095366998,36.749999046326,0.6437782135031566,1
12.525000095366998,81.799999237061,1.1837638563882131,0
27.449999809265,22.800000667572,0.82191249657404,0
10.200000047684,78.400001525879,0.9757066586919454,0
23.400000095367,38.625,1.096845647732128,1
14.525000095366998,36.050000190735,0.592817291859612,1
1.4249999821185997,38.000000953674,0.2615436958439683,1
-1.8999999761581,51.449999809265,0.2801056157348584,0
22.325000286102,62.925000190735,1.6754079829584998,0
17.650000095367,70.825000762939,1.4170908184750293,0
11.224999904632998,38.325000762939,0.5099147612045835,1
23.450000286102,35.174999237061,1.0018612218469602,1
12.600000143050998,79.900001525879,1.1618604996280704,0
23.174999713898,36.924999237061,1.0345657698653337,1
4.799999952316295,39.625,0.344027051448536,1
17.75,44.85000038147,0.9029621816311728,0
9.125,32.474999904633,0.3766156988672873,0
23.575000286102,39.449998855591,1.1320344846776105,1
19.674999713898,37.500000953674,0.8501148800633332,1
23.150000095367,54.674999237061,1.5295970424683418,0
4.324999928474398,38.14999961853,0.3206792145659514,1
20.374999523163,35.300000667572,0.8352084829280702,1
23.699999809265,39.050000190735,1.1289381567444008,1
25.525000095367,43.125000953674,1.3890629427960577,0
13.60000038147,19.950000762939,0.3093031110968156,0
9.075000286102302,37.824999809265,0.4372167107085598,1
20.35000038147,42.175000190735,0.996353552544488,0
16.274999856948998,38.400000572205,0.7051525395706906,1
8.324999809265101,75.025001525879,0.8252603809696064,0
19.974999904633,56.52499961853,1.305142708497696,0
23.174999713898,67.97500038147,1.904525661592113,0
19.449999809265,73.424999237061,1.6417281444541172,0
10.375000238418998,38.625,0.4862278816427396,1
22.549999237061,35.375000953674,0.9546998207473484,1
25.424999713898,35.150000572205,1.1255395134023216,1
23.674999713898,37.27499961853,1.0760183620711428,1
8.874999761581396,81.325000762939,0.9277073501536665,0
15.950000047683996,35.325000286102,0.6355876918528067,1
17.924999713898,46.125,0.9387653489310996,0
20.425000190735,66.699998855591,1.5829578088484306,0
11.075000047684,38.449999809265,0.5066162840100946,1
18.625,52.324998855591,1.1120584448897166,0
20.200000286102,37.75,0.8836942141548358,1
15.450000286102,78.575000762939,1.3699672847356184,0
21.724999904633,56.449999809265,1.4496260156222571,0
26.775000095367,35.324999809265,1.224329657159156,1
33.000000953674,37.349999427795,1.8480594768587368,1
18.949999809265,71.25,1.54489907622671,0
13.850000143050998,33.150000572205,0.522219546954398,0
16.77499961853,36.650000572205,0.6944093365765817,1
14.174999952316,77.975002288818,1.2540464537955027,0
25.275000095367,41.72500038147,1.3243185760527936,0
8.125,63.950000762939,0.6941671420827802,0
12.850000143051002,50.39999961853,0.7447568930514178,0
3.399999976158096,81.424999237061,0.6424520401557968,0
11.524999856949002,38.025000572205,0.5158654922891867,1
16.849999904632995,35.349999427795,0.6729230427307409,1
27.349999427795,36.799999237061,1.318905886705665,1
10.350000143050998,57.02499961853,0.7166833133983336,0
35.050000190735,38.125,2.1143793804722746,1
23.875,38.074998855591,1.112283471496967,1
21.925000190735,39.375000953674,1.0234221679091309,1
23.849999904633,39.625,1.1558421981911502,1
3.2250000238419005,46.925000190735,0.3658180079709599,0
38.85000038147,20.25,1.3820373012288418,0
19.675000190735,68.64999961853,1.5562769709912054,0
22.950000286102,64.575000762939,1.785063878512692,0
17.275000095366998,38.800000190735,0.7584312484673534,1
25.924999713898,42.824999809265,1.4122208225353836,0
16.299999713898004,44.824999809265,0.8244280090956186,0
17.22500038147,43.074999809265,0.8393780172359093,0
19.900000572205,36.574999809265,0.84064095046359,1
15.525000095366998,59.924999237061,1.049752651813196,0
24.125,43.300000190735,1.2838687166426146,0
20.799999872843,36.56666692098,0.8878495252495079,1
28.02499961853,53.150000572205,1.9809730385013868,0
11.274999856949002,58.0,0.7742002063241171,0
16.566666285197,56.833333333333,1.0628892405866854,0
13.100000143050998,66.150001525879,0.9932954883242966,0
4.4999999999999964,39.85000038147,0.3389888603174016,1
17.974999904632995,35.97500038147,0.7344583568019569,1
7.75,33.949999809265,0.3594498912553871,0
13.400000333786,36.300000190735,0.5556441091474449,1
8.075000166892998,37.900000572205,0.4100351298223872,1
17.574999809265,66.525001525879,1.3248684304046747,0
11.275000095366998,71.27499961853,0.9513986252493368,0
9.799999952316298,36.0,0.4364422688756284,1
7.1499999761581,37.35000038147,0.379934772365131,1
7.3999999761580995,34.575000762939,0.357627904489409,0
10.400000095367002,64.425001144409,0.8123347541118167,0
13.799999952316,51.39999961853,0.8071384129292277,0
20.274999618530003,37.449999809265,0.8806919504977534,1
14.325000047684,37.950000762939,0.6161859183175127,1
5.7250000238419005,50.074999809265,0.4628727850987988,0
27.849999427795,45.399998664856,1.6750533341254217,0
25.47500038147,37.35000038147,1.1995129628895564,1
3.700000047683705,38.775000572205,0.3122997664346015,1
38.875000953674,18.02499961853,1.2318438195262242,0
6.8500000238419005,39.775000572205,0.396561553431301,1
24.075000286102,37.900000572205,1.120421373787718,1
23.375,39.400000572205,1.1171844051267654,1
7.850000143051101,38.85000038147,0.4140750694231833,1
25.075000286102,59.925000190735,1.8796591190963488,0
12.424999952316,64.02499961853,0.9205889283030112,0
10.5,42.875,0.5441522453763333,0
24.39999961853,36.0,1.0849894566086522,1
41.39999961853,14.224999904633,1.1127610665208996,0
14.650000095366998,58.450000762939,0.968820844865274,0
14.149999856948998,83.825000762939,1.3459876634466983,0
22.375,63.200000762939,1.6877974528655102,0
27.525000095367,54.424999237061,1.970523407234727,0
15.874999761580998,37.175000190735,0.6657285250911997,1
16.200000047684,54.47500038147,0.9956497256240696,0
14.024999856948998,84.050003051758,1.338905362056244,0
24.800000190735,36.800000190735,1.1356922254707558,1
13.425000190734998,74.400001525879,1.1406630196501133,0
10.649999856948998,61.300001144409,0.7856453897009371,0
29.75,38.0,1.5641647504484195,1
7.9000000953674,55.449999809265,0.5929711551393381,0
14.749999761580998,68.375,1.1405355290326422,0
25.700000286102,47.775000572205,1.554765241296356,0
25.325000286102,28.39999961853,0.904054590168452,0
28.599999427795,38.72500038147,1.4920935726118616,1
39.175000190735,14.549999713898,1.0105635822105197,0
28.824999332428,38.89999961853,1.5183976479716363,1
20.525000095367,35.325000762939,0.8434725682123474,1
2.8749999403954014,49.699998855591,0.3782274031833707,0
4.575000047683705,39.374999046326,0.3366634789978887,1
20.874999523163,36.64999961853,0.8939372165648346,1
1.0,67.700000762939,0.4523472449126147,0
25.700000286102,35.72500038147,1.162616183634826,1
20.349999904632995,52.349999427795,1.2367304363603722,0
20.849999427795,68.64999961853,1.6719142730531475,0
11.974999904632998,72.27499961853,1.0094846947399772,0
28.674999713898,38.39999961853,1.485983164284833,1
31.099999904633,29.64999961853,1.3180480029977124,0
9.950000047683698,35.500000953674,0.4346338288759613,1
25.449999809265,35.200000762939,1.1288015385737742,1
8.024999856948902,39.75,0.4286243184046331,1
23.974999904633,36.625,1.0763099959796198,1
16.649999856949,35.625,0.6697356415533213,1
10.475000143050998,38.875,0.4925813471520879,1
14.199999809264998,36.14999961853,0.5823138414949435,1
25.35000038147,42.97500038147,1.3700365376842112,0
16.549999952316,42.050000190735,0.7855937271855291,0
16.375000238419,53.375,0.9863054766402188,0
25.449999809265,35.200000762939,1.1288015385737742,1
12.074999809265002,67.575000762939,0.9499530487384622,0
6.4750000238419005,38.14999961853,0.3709121877787807,1
26.025000095367,47.64999961853,1.580581861996064,0
8.299999952316298,49.300001144409,0.5413924292833421,0
19.250000476837,46.400000572205,1.024811418373179,0
26.025000572205,35.699999809265,1.18419253309782,1
2.7749999761580995,48.950000762939,0.369959915130562,0
4.0,78.450000762939,0.644956366825501,0
13.02499961853,39.324998855591,0.5876641597478136,1
21.349999904632995,35.75,0.8974695862226214,1
17.925000190735,66.800001144409,1.3595561677253358,0
13.424999952316,65.200000762939,0.9996132673698068,0
8.6500000953674,36.25,0.4074158976517602,1
16.10000038147,36.299999237061,0.6593119741079572,1
10.724999904632998,37.175000190735,0.4787847146972618,1
31.349999427795,19.14999961853,0.8634344442736279,0
17.900000095367,38.35000038147,0.7793149986854928,1
20.25,38.10000038147,0.8946124142116624,1
24.72500038147,49.200000762939,1.5116481428945414,0
21.025000095367,69.299999237061,1.705773582189558,0
18.599999904632995,44.22500038147,0.9384614450197696,0
17.150000095367005,52.77499961853,1.0236025926569043,0
21.72500038147,38.324999809265,0.9841792481821284,1
25.150000095367,51.449999809265,1.6209855119666283,0
8.200000286102302,81.400001525879,0.8879927891817507,0
17.625,67.375,1.3459706130596911,0
9.125,67.52499961853,0.7830939183072304,0
6.425000071525602,36.799999237061,0.3565871172224172,1
28.35000038147,35.675000190735,1.3548829441878676,1
28.924999713898,39.14999961853,1.536978535194912,1
10.975000143050998,37.27499961853,0.4879510167547981,1
21.424999713898,40.27499961853,1.0156659847620797,0
12.25,66.399998664856,0.9440330574892551,0
22.77499961853,24.625,0.673613446349872,0
13.750000238418998,36.799999237061,0.5760332571961012,1
11.349999904633002,70.39999961853,0.9443040128309516,0
20.824999809265,37.449999809265,0.9106796012336564,1
19.025000095367,38.22500038147,0.8326585975343254,1
7.800000190734895,55.675000190735,0.5914306208945705,0
20.274999618530003,38.025000572205,0.8942139410459629,1
17.775000095367,28.449999809265,0.5736712627057369,0
3.900000095367396,83.125,0.678732551262986,0
5.850000023841904,37.849999427795,0.352834254468767,1
3.6999999880791,35.049999237061,0.2822980365965304,1
16.77499961853,58.175000190735,1.1022445472600533,0
13.650000095366998,48.575000762939,0.7555109972223407,0
8.7249999046326,43.425000190735,0.4904822027942887,0
20.474999904633,54.300000190735,1.2926060913564223,0
10.599999904633002,64.050001144409,0.8182181858944418,0
23.824999809265,36.900000572205,1.0747543725264248,1
13.60000038147,19.950000762939,0.3093031110968156,0
29.224999427795,37.799999237061,1.509795801976365,1
16.825000286102,36.924999237061,0.7018082557636076,1
29.075000286102,36.72500038147,1.4542695736320226,1
12.324999809265002,67.650001525879,0.9664656008172544,0
26.650000095367,39.974999427795,1.375416645649366,1
14.575000286102,36.049999237061,0.5947008519437857,1
25.5,47.625,1.5317525342404046,0
18.5,45.549999237061,0.9606311100858556,0
28.0,39.599999427795,1.4738112495907754,1
27.02499961853,47.125,1.6572972532809784,0
8.200000047683702,41.824999809265,0.4562690043547622,0
8.349999904632597,38.150000572205,0.4203384756517164,1
16.575000286101996,19.925000190735,0.3728289761040429,0
7.800000071525602,37.60000038147,0.3994214875382235,1
4.274999976158096,45.875,0.384300470379133,0
21.699999809265,60.224998474121,1.5442337816611582,0
21.049999713898,51.89999961853,1.279423398905102,0
30.275000095367,26.875,1.139920528758601,0
6.350000023841904,74.0,0.7134449795491672,0
34.450000762939,25.5,1.3679803960193733,0
21.375,36.875,0.927113834388962,1
31.525000095367,27.825000286102,1.2670613255966734,0
11.700000047684,60.750000953674,0.8335574851852164,0
18.124999523163,65.175000190735,1.3430176024721951,0
12.600000143050998,50.799999237061,0.738704773060115,0
21.14999961853,40.200000762939,0.9970272641671368,0
23.625,45.400000572205,1.3066624924430232,0
19.175000190735,39.699999809265,0.8728011950778813,1
41.875,15.174999952316,1.2173346989321223,0
6.924999952316295,39.400000572205,0.3948006833909275,1
7.3999999761580995,44.600001335144,0.4613218992263753,0
13.075000047684,68.625,1.0288096905260078,0
13.650000095366998,59.700000762939,0.928543621248799,0
22.550000190735,39.274998664856,1.0599529419624234,1
3.449999988079096,38.85000038147,0.3075847551223953,1
13.60000038147,19.950000762939,0.3093031110968156,0
25.5,43.824999809265,1.4095339531953155,0
18.775000095367,36.75,0.7883009974016415,1
24.25,35.074999809265,1.047743293597247,1
25.449999809265,35.200000762939,1.1288015385737742,1
26.324999809265,33.699999809265,1.137680436905352,0
27.125,38.300000190735,1.3548088416809485,1
16.799999237061,48.35000038147,0.9175215907100968,0
5.024999976158096,51.424999237061,0.4533511511145059,0
24.0,30.324999809265,0.8924960798830769,0
19.300000190735,38.25,0.8474048021414429,1
3.3249999880790995,58.074999809265,0.4558635949321577,0
33.750000476837,13.899999856949,0.7172064262747223,0
29.35000038147,53.10000038147,2.1361786927009403,0
19.125,36.799999237061,0.8065623985320244,1
24.77499961853,36.049999237061,1.1109020659102775,1
23.650000095367005,29.950000286102,0.8632800254297222,0
19.375,80.5,1.7916566264525884,0
16.799999237061,48.35000038147,0.9175215907100968,0
10.974999904632998,74.374998092651,0.9736111535607224,0
6.899999856948899,39.64999961853,0.3966412668113004,1
33.449998855591,35.10000038147,1.781006619040555,1
15.275000095366998,46.825000762939,0.8074372129764512,0
27.000000476837,35.300000190735,1.2396268260673666,1
19.425000190735,38.125,0.8511402655134295,1
28.424999713898,39.824999809265,1.519059227435029,1
8.450000047683702,36.299999237061,0.4026135424530236,1
16.799999237061,48.35000038147,0.9175215907100968,0
17.674999713898,55.52499961853,1.112689086220715,0
9.825000047683702,36.35000038147,0.4414086608415055,1
16.35000038147,57.824999809265,1.0668637311061548,0
13.075000286102,38.52499961853,0.5775576472246694,1
36.724999427795,17.099999904633,1.039839675419833,0
37.199998855591,25.500000476837,1.5913816086960524,0
18.599999904632995,38.775000572205,0.8228115942059009,1
25.449999809265,35.200000762939,1.1288015385737742,1
24.700000286102,56.949999809265,1.747176193925173,0
13.699999809264998,28.074999809265,0.4380602584780483,0
2.5750000476837016,35.124999046326,0.2618318541671866,1
28.52499961853,37.349999427795,1.4329012645991694,1
24.0,36.60000038147,1.0771758308206505,1
29.924999713898,33.175000190735,1.3792952564725012,0
19.425000190735,75.10000038147,1.6766068003867023,0
6.8749998807907,36.400000572205,0.3635205899415119,1
20.35000038147,35.72500038147,0.8439770215472404,1
37.0,21.875,1.350341933179104,0
33.074999809265,24.324999809265,1.2086556355068667,0
24.549999713898,38.375,1.1668991544486689,1
27.449999809265,59.350001335144,2.139495892139178,0
23.525000095367,38.349999427795,1.0971920946865077,1
27.624999523163,36.574999809265,1.331954111679876,1
30.175000190735,43.22500038147,1.8229855106764008,0
25.449999809265,35.200000762939,1.1288015385737742,1
20.75,36.25,0.8774897840472805,1
17.049999713898,31.375,0.6047552989864466,0
26.849999904633,35.050000190735,1.220127420882675,1
24.400000095367,55.449999809265,1.6711851906541364,0
25.299999713898,39.174999237061,1.2452176263222388,1
11.5,67.97500038147,0.9206887407181694,0
7.424999952316298,71.749998092651,0.7433878496405047,0
31.700000286102,16.200000286102,0.7450310700847362,0
27.200000286102,37.375000953674,1.327874409539208,1
18.074999809265,78.97500038147,1.6223554121667172,0
33.39999961853,22.525000572205,1.139751143092546,0
26.074999809265,37.799999237061,1.2575337738430126,1
8.875,37.85000038147,0.4317703508213798,1
15.025000095367002,36.5,0.6195323226057363,1
23.074999809265,35.349999427795,0.9845298410600172,1
18.974999904632995,37.400000572205,0.8121851486797155,1
39.27499961853,18.875,1.318028209339414,0
17.624999761581,30.099999904633,0.6013167306092636,0
25.85000038147,28.700000286102,0.9422679260783028,0
27.275000095367,52.425000190735,1.8707244096379587,0
0.5750000104308057,34.074998855591,0.2210048185022156,0
29.300000190735,39.525000572205,1.5855085951545584,1
20.72500038147,48.324999809265,1.1680079331975852,0
21.35000038147,44.97500038147,1.129054437708608,0
1.0499999970197995,36.625,0.2455715024826766,1
8.4000000953674,57.674999237061,0.6375746424884849,0
6.375,74.949996948242,0.7238193788973539,0
9.8750002384186,43.5,0.5299678965317071,0
27.075000286102,38.64999961853,1.363213453799052,1
9.725000143051098,39.72500038147,0.4792378299629907,1
20.499999523163,38.425000190735,0.9160970761701112,1
11.399999856949002,61.200000762939,0.8235675832997265,0
25.0,28.89999961853,0.9024958324357696,0
17.149999856949,35.799999237061,0.6943623260374455,1
11.974999904632998,38.675000190735,0.5401843094801354,1
6.674999952316298,47.574999809265,0.4687972508344696,0
9.8000001907349,51.349998474121,0.6225363942026793,0
16.200000286101996,53.199999809265,0.972346317292166,0
9.600000143051098,43.47500038147,0.5201904549577031,0
10.075000047684,29.699999809265,0.3666124381386269,0
16.950000286102,81.025001525879,1.5520509138407417,0
37.224999427795,23.625,1.4763789938303216,0
32.349999427795,9.9500000476837,0.474678124135405,0
22.449999809265,49.699999809265,1.33326856969522,0
9.700000047683702,35.97500038147,0.4332867015955763,1
16.949999809265,66.675000190735,1.2771735877626615,0
9.024999976158096,39.52499961853,0.4553629849529022,1
8.649999856948902,38.099998474121,0.4282081333550608,1
7.25,35.0,0.3584167822734588,1
25.849999904633,56.074999809265,1.841033859529042,0
36.125,22.099999904633,1.3004241291034946,0
4.2499998807907,48.700000762939,0.4072704360951243,0
13.25,38.699998855591,0.5867221401659004,1
15.599999904632998,33.300000190735,0.5861047661450013,0
7.7750000953674,36.849999427795,0.3908036663298764,1
2.299999952316292,70.85000038147,0.5181882373285943,0
27.874999523163,33.64999961853,1.243331984183734,0
14.299999952316,18.449999809265,0.2990930712656111,0
17.974999427794998,35.14999961853,0.7176152863077037,1
19.574999809265,35.949999809265,0.8099991662075281,1
3.199999928474405,56.97500038147,0.4434029408586761,0
11.474999904633002,37.474999427795,0.5067590145574322,1
14.124999761581002,50.024998664856,0.8019804174284915,0
13.499999999999996,37.75,0.581545425991865,1
11.525000095367002,72.575000762939,0.9845874690730968,0
26.333333333333,40.86666615804,1.3802937065552894,0
14.750000238418998,48.374999046326,0.8069236825756695,0
28.000000476837,36.550000190735,1.3602980737198376,1
25.525000572205,38.174999237061,1.2296226573281253,1
32.599999427795,31.75,1.5361148189279576,0
14.349999904632998,58.425001144409,0.9501421333659388,0
24.950000286102,37.300000190735,1.1613769984231608,1
7.424999952316298,55.950000762939,0.57968713394023,0
29.175000190735,21.525000095367,0.8572791041714124,0
11.125000238419002,84.25,1.1136893987013157,0
23.025000095367005,49.049999237061,1.362005174114634,0
10.075000047684,36.749999046326,0.4536365938885577,1
5.375,36.599999427795,0.3304034519861885,1
4.766666571299201,49.93333307902,0.4325433933287068,0
23.675000190735,39.375,1.136639158800374,1
9.5250000953674,39.0,0.4643519110130371,1
22.449999809265,37.874999046326,1.0160472032092285,1
22.349999904632995,29.150000095367,0.7773004315277405,0
25.449999809265,35.200000762939,1.1288015385737742,1
11.075000047684,38.124999046326,0.5023340816788237,1
16.174999952316,53.699999809265,0.9799469039623572,0
3.3749999403954014,58.5,0.4607795512037376,0
16.825000286102,61.025001525879,1.1598605487813534,0
23.349999904633,41.875,1.1855911804078738,0
23.650000095367005,39.924999237061,1.150799800581153,1
23.650000572205,40.0,1.1529616583938629,1
3.0249999761580924,43.400000572205,0.333713862562655,0
19.724999904632995,38.449998855591,0.874323849183893,1
37.099999427795,30.549999713898,1.896168352918682,0
28.52499961853,36.825000762939,1.4127601330781547,1
29.875,39.550000190735,1.639650171933439,1
24.27499961853,38.10000038147,1.1397950220333664,1
24.224999904633,38.52499961853,1.1490929791951607,1
25.424999713898,38.574999809265,1.2352115450361465,1
3.6999999880791,35.175000190735,0.2833048133315654,1
23.024999618530003,46.150000572205,1.281478873560444,0
16.125000238419,57.449998855591,1.045095058050404,0
10.424999952316,37.27499961853,0.4707684552002756,1
13.449999809265002,78.824998855591,1.2104381223202945,0
13.75,68.475001335144,1.0718445182976997,0
11.674999952316,38.125000953674,0.5222715308563958,1
13.650000095366998,38.299999237061,0.595698819613484,1
18.599999904632995,36.175000190735,0.7676391782873102,1
32.750000476837,23.325000286102,1.138044200750482,0
29.099999904633,34.800000190735,1.3800235351486805,0
10.824999809264998,35.35000038147,0.4582557492007579,1
31.22500038147,35.000000953674,1.5669419432584497,1
29.099999904633,35.099999427795,1.3919202594417934,1
6.3749998807907,43.800000190735,0.4229925279601434,0
23.999999523163,39.625,1.1662046623213655,1
2.5249999761580995,54.074999809265,0.4017004995848528,0
3.750000059604599,46.549999237061,0.3762072180815796,0
28.974999904633,46.075000762939,1.814056577169264,0
31.824999809265,38.875,1.8005116935495666,1
19.474999904633,35.625,0.797770684322254,1
27.025000095367,38.700000762939,1.361005978753268,1
34.474999427795,13.325000047684,0.7158291767267702,0
4.3000000119209005,46.425000190735,0.389571824011071,0
22.425000190735,38.825000762939,1.039968477695584,1
21.349999904632995,32.999999046326,0.8284334402644223,0
-1.1999999880790997,47.175000190735,0.2699554233150724,0
24.175000190735,36.875000953674,1.0966167792016848,1
8.300000190734899,58.200000762939,0.6391285915609591,0
25.349999904633,35.824999809265,1.1420955645428628,1
20.624999523163,39.949999809265,0.9597298881188318,1
24.650000095367,35.574999809265,1.0881839142768854,1
25.449999809265,35.200000762939,1.1288015385737742,1
19.124999523163,36.700000762939,0.8043706627032219,1
13.849999666214,62.60000038147,0.9861521049905412,0
8.225000143051094,36.750000953674,0.4015712633110293,1
14.450000047684,57.975001335144,0.9488310828175042,0
11.375,62.925000190735,0.8454088467877099,0
21.500000476837,27.39999961853,0.6941232789104222,0
20.39999961853,42.550000190735,1.008280723949446,0
13.599999904633002,65.575000762939,1.016669190617019,0
26.549999713898,35.02499961853,1.1980797310772895,1
13.324999809265002,35.550001144409,0.541559228531225,1
37.39999961853,17.049999713898,1.0756993706943916,0
14.674999952316,38.925000190735,0.6462132906026352,1
20.0,63.100001335144,1.4591848936132192,0
16.275000095367,51.27499961853,0.9415806301859122,0
14.224999904632998,45.450000762939,0.7332856489417178,0
16.250000238419,51.60000038147,0.9460647017530992,0
18.349999427795,35.89999961853,0.7501338664108033,1
19.149999618530003,70.0,1.5365814257978967,0
8.2249997854233,74.924999237061,0.8187136082361053,0
8.3999999761581,36.5,0.403493273946835,1
15.875000476837002,65.075000762939,1.1653607532995365,0
23.799999713898,51.425000190735,1.4955833374460703,0
24.0,37.800000190735,1.1124930651937974,1
20.52499961853,38.249999046326,0.9133141768209518,1
27.674999713898,37.900000572205,1.3842177429448446,1
8.5250000953674,39.699999809265,0.4425158182703054,1
28.699999809265,38.175001144409,1.479406537773221,1
19.400000095367,75.375,1.6801670910773403,0
23.474999904632995,36.875,1.051849358197491,1
16.099999904633,71.325000762939,1.2954662985446508,0
17.674999713898,35.400000572205,0.7093956696895586,1
8.4749999046326,39.025000572205,0.4335544500367557,1
17.425000190735,53.424999237061,1.0541023904258702,0
19.699999809265,65.425001144409,1.4854394790893806,0
12.133333206176996,67.600001017253,0.953888917004384,0
12.400000095366998,37.125,0.5329462624187469,1
17.25,53.324999809265,1.040732970083712,0
11.5,35.89999961853,0.4862482567867309,1
36.125,22.099999904633,1.3004241291034946,0
22.299999713898004,35.25,0.9371375660675944,1
22.199999809265,49.499999046326,1.3080846733705564,0
17.874999523163,38.849999427795,0.7882528106662041,1
33.325000762939,18.925000190735,0.9535876017986268,0
9.5,35.949999809265,0.4273344280515138,1
41.77499961853,15.025000095367,1.1989390912501097,0
23.174999713898,39.875,1.1172189824170649,1
5.0999999046326,43.474999427795,0.3852210362625315,0
31.900000572205,28.199999809265,1.3116355458662572,0
26.650000572205,39.39999961853,1.355632710427536,1
17.074999809264998,37.425000190735,0.7224948100948272,1
20.150000095367,42.775000572205,0.9982739312324088,0
28.35000038147,37.52499961853,1.4251431448346985,1
7.75,48.125,0.5095294878895614,0
22.174999713898,38.375,1.0125707675969065,1
27.750000476837,34.950000762939,1.2820412780917572,0
13.60000038147,19.950000762939,0.3093031110968156,0
26.550000190735,39.924999237061,1.3656911978204298,1
19.324999809265,41.599999427795,0.9230375827439689,0
21.449999809265,47.699999809265,1.204732826842246,0
17.75,53.324999809265,1.0735888016435648,0
34.474999427795,35.10000038147,1.885598820732765,1
16.674999713898,56.0,1.054424291839136,0
17.574999809265,54.425000190735,1.0838927158749951,0
22.949999809265,36.47500038147,1.0082880839469568,1
13.60000038147,19.950000762939,0.3093031110968156,0
19.150000095367005,68.77499961853,1.509691286718784,0
15.724999904632998,49.425000190735,0.8767897403209677,0
15.450000047684,36.974999427795,0.6446648210741559,1
24.450000286102,61.27499961853,1.8522264856649449,0
32.975000858307,35.425000190735,1.7503579249554089,1
17.924999713898,47.449999809265,0.9657325881349652,0
28.599999427795,37.550000190735,1.4468202294190151,1
22.89999961853,37.000000953674,1.0197418279136246,1
14.424999713898,63.775001525879,1.0420995617625592,0
20.825000286102,51.699999809265,1.2571999149284347,0
19.25,46.625,1.029780827434723,0
2.024999976158096,64.949997901917,0.4660707590932538,0
35.324999809265,28.474999904633,1.603368368731952,0
24.449999809265,42.52499961853,1.285449675393761,0
21.075000286102,63.975001335144,1.579486547581599,0
